id;name;email;message;date
1;Lead metrics;Rosalind.Lind57@yahoo.com;../fake-data/blob/hipster.txt;2021-10-24T08:41:07
2;India synthesizing payment;Jerel63@yahoo.com;../fake-data/blob/hipster.txt;2021-10-24T09:03:26
3;Jordan generate Principal;Laurel48@gmail.com;../fake-data/blob/hipster.txt;2021-10-24T19:54:12
4;Optimization multi-byte copying;Abdullah.OConner@gmail.com;../fake-data/blob/hipster.txt;2021-10-24T23:36:03
5;Directives;Austen.Halvorson90@gmail.com;../fake-data/blob/hipster.txt;2021-10-24T17:11:32
6;yellow;Alan32@gmail.com;../fake-data/blob/hipster.txt;2021-10-24T06:11:08
7;program;Jaycee76@gmail.com;../fake-data/blob/hipster.txt;2021-10-24T16:58:40
8;alarm;Murphy_VonRueden@hotmail.com;../fake-data/blob/hipster.txt;2021-10-24T04:01:15
9;relationships;Finn.Bernhard@hotmail.com;../fake-data/blob/hipster.txt;2021-10-24T18:10:56
10;Jewelery Land Strategist;Justine_Shields7@gmail.com;../fake-data/blob/hipster.txt;2021-10-24T16:38:30
