id;name;description;photo;photo_content_type
1;Secured Program;../fake-data/blob/hipster.txt;../fake-data/blob/hipster.png;image/png
2;the program Ghana;../fake-data/blob/hipster.txt;../fake-data/blob/hipster.png;image/png
3;magnetic;../fake-data/blob/hipster.txt;../fake-data/blob/hipster.png;image/png
4;Soft Colombia;../fake-data/blob/hipster.txt;../fake-data/blob/hipster.png;image/png
5;installation International generating;../fake-data/blob/hipster.txt;../fake-data/blob/hipster.png;image/png
6;Chief;../fake-data/blob/hipster.txt;../fake-data/blob/hipster.png;image/png
7;connecting;../fake-data/blob/hipster.txt;../fake-data/blob/hipster.png;image/png
8;Gold harness;../fake-data/blob/hipster.txt;../fake-data/blob/hipster.png;image/png
9;neural;../fake-data/blob/hipster.txt;../fake-data/blob/hipster.png;image/png
10;e-commerce Reverse-engineered Directives;../fake-data/blob/hipster.txt;../fake-data/blob/hipster.png;image/png
