id;title;description;cost_hour
1;Tasty Personal;../fake-data/blob/hipster.txt;49498
2;redundant;../fake-data/blob/hipster.txt;63316
3;state;../fake-data/blob/hipster.txt;61840
4;Licensed Games;../fake-data/blob/hipster.txt;50544
5;hardware;../fake-data/blob/hipster.txt;42973
6;deposit navigating;../fake-data/blob/hipster.txt;22586
7;empower enhance withdrawal;../fake-data/blob/hipster.txt;96216
8;SAS;../fake-data/blob/hipster.txt;20307
9;navigating synthesize Bedfordshire;../fake-data/blob/hipster.txt;91648
10;Decentralized Incredible;../fake-data/blob/hipster.txt;79407
