id;stars;date;comment
1;66341;2021-10-24T04:53:47;5th Bacon
2;73918;2021-10-24T14:19:01;Computers Credit primary
3;34096;2021-10-24T14:45:18;Small calculating calculating
4;39720;2021-10-24T13:05:40;open-source
5;43453;2021-10-24T07:00:05;Auto Iraqi
6;36252;2021-10-24T07:10:01;Facilitator cross-platform Metal
7;66013;2021-10-24T10:48:06;Viaduct magnetic navigating
8;20029;2021-10-24T06:23:32;paradigms synergize
9;34337;2021-10-24T14:59:35;Gorgeous productivity New
10;3399;2021-10-24T21:10:22;green analyzing syndicate
